Number of Epochs,5.0
Fit Time,86.92263507843018
Test Accuracy,0.911077618598938
Test Loss,0.24082471430301666
