Number of Epochs,200.0
Fit Time,1162.2533373832703
Test Accuracy,0.9303251504898071
Test Loss,0.3894338309764862
