Number of Epochs,20.0
Fit Time,199.23700046539307
Test Accuracy,0.9950860142707825
Test Loss,0.021283401176333427
